{"training/grad_norm": 7.863870143890381, "training/learning_rate": 0.0, "training/loss": 0.5499587059020996, "training/mse": 0.5499587059020996, "training/param_norm": 251.2830352783203, "training/update_norm": 0.0, "timer/dataset": 0.0036589717864990235, "timer/train": 0.14472306966781617, "timer/total": 0.1484248661994934, "_timestamp": 1713577529.8757787, "_runtime": 8268.982071638107, "_step": 49999, "validation_cobot_magic/base/loss": 0.4393179714679718, "validation_cobot_magic/base/mse": 0.4393179714679718, "timer/val": 2.5739529132843018, "_wandb": {"runtime": 8272}}